Date,Fin_Market_Interest_Rates,CPI,Num_Workers(thousands),Unemployment_Rate,Work_Partic_Rate_Women,GDP(billions),Work_Partic_Rate_All,Real_GDP_per_Capita,Hourly_Wages_Private($)
1939-01-01,,,29923,,,,,,
1939-02-01,,,30100,,,,,,
1939-03-01,,,30280,,,,,,
1939-04-01,,,30094,,,,,,
1939-05-01,,,30299,,,,,,
1939-06-01,,,30502,,,,,,
1939-07-01,,,30419,,,,,,
1939-08-01,,,30663,,,,,,
1939-09-01,,,31031,,,,,,
1939-10-01,,,31411,,,,,,
1939-11-01,,,31470,,,,,,
1939-12-01,,,31542,,,,,,
1940-01-01,,,31603,,,,,,
1940-02-01,,,31715,,,,,,
1940-03-01,,,31825,,,,,,
1940-04-01,,,31701,,,,,,
1940-05-01,,,31879,,,,,,
1940-06-01,,,31977,,,,,,
1940-07-01,,,31942,,,,,,
1940-08-01,,,32352,,,,,,
1940-09-01,,,32810,,,,,,
1940-10-01,,,33267,,,,,,
1940-11-01,,,33669,,,,,,
1940-12-01,,,34174,,,,,,
1941-01-01,,,34481,,,,,,
1941-02-01,,,34843,,,,,,
1941-03-01,,,35092,,,,,,
1941-04-01,,,35468,,,,,,
1941-05-01,,,36182,,,,,,
1941-06-01,,,36650,,,,,,
1941-07-01,,,37137,,,,,,
1941-08-01,,,37544,,,,,,
1941-09-01,,,37835,,,,,,
1941-10-01,,,37949,,,,,,
1941-11-01,,,38024,,,,,,
1941-12-01,,,38104,,,,,,
1942-01-01,,,38347,,,,,,
1942-02-01,,,38512,,,,,,
1942-03-01,,,38935,,,,,,
1942-04-01,,,39352,,,,,,
1942-05-01,,,39771,,,,,,
1942-06-01,,,40029,,,,,,
1942-07-01,,,40472,,,,,,
1942-08-01,,,40988,,,,,,
1942-09-01,,,41259,,,,,,
1942-10-01,,,41515,,,,,,
1942-11-01,,,41674,,,,,,
1942-12-01,,,41915,,,,,,
1943-01-01,,,42172,,,,,,
1943-02-01,,,42393,,,,,,
1943-03-01,,,42552,,,,,,
1943-04-01,,,42647,,,,,,
1943-05-01,,,42596,,,,,,
1943-06-01,,,42781,,,,,,
1943-07-01,,,42700,,,,,,
1943-08-01,,,42546,,,,,,
1943-09-01,,,42492,,,,,,
1943-10-01,,,42675,,,,,,
1943-11-01,,,42821,,,,,,
1943-12-01,,,42746,,,,,,
1944-01-01,,,42654,,,,,,
1944-02-01,,,42538,,,,,,
1944-03-01,,,42294,,,,,,
1944-04-01,,,42063,,,,,,
1944-05-01,,,41985,,,,,,
1944-06-01,,,41947,,,,,,
1944-07-01,,,41904,,,,,,
1944-08-01,,,41850,,,,,,
1944-09-01,,,41679,,,,,,
1944-10-01,,,41708,,,,,,
1944-11-01,,,41711,,,,,,
1944-12-01,,,41860,,,,,,
1945-01-01,,,41895,,,,,,
1945-02-01,,,41897,,,,,,
1945-03-01,,,41798,,,,,,
1945-04-01,,,41446,,,,,,
1945-05-01,,,41304,,,,,,
1945-06-01,,,41149,,,,,,
1945-07-01,,,40874,,,,,,
1945-08-01,,,40466,,,,,,
1945-09-01,,,38507,,,,,,
1945-10-01,,,38600,,,,,,
1945-11-01,,,38996,,,,,,
1945-12-01,,,39110,,,,,,
1946-01-01,,,39829,,,,,,
1946-02-01,,,39244,,,,,,
1946-03-01,,,40195,,,,,,
1946-04-01,,,40913,,,,,,
1946-05-01,,,41349,,,,,,
1946-06-01,,,41735,,,,,,
1946-07-01,,,42153,,,,,,
1946-08-01,,,42642,,,,,,
1946-09-01,,,42915,,,,,,
1946-10-01,,,43093,,,,,,
1946-11-01,,,43395,,,,,,
1946-12-01,,,43379,,,,,,
1947-01-01,,21.48,43535,,,243.164,,15248.0,
1947-02-01,,21.62,43557,,,,,,
1947-03-01,,22.0,43607,,,,,,
1947-04-01,,22.0,43499,,,245.968,,15139.0,
1947-05-01,,21.95,43638,,,,,,
1947-06-01,,22.08,43810,,,,,,
1947-07-01,,22.23,43743,,,249.585,,15039.0,
1947-08-01,,22.4,43960,,,,,,
1947-09-01,,22.84,44203,,,,,,
1947-10-01,,22.91,44411,,,259.745,,15204.0,
1947-11-01,,23.06,44484,,,,,,
1947-12-01,,23.41,44581,,,,,,
1948-01-01,,23.68,44679,3.4,32.0,265.742,58.6,15371.0,
1948-02-01,,23.67,44533,3.8,32.4,,58.9,,
1948-03-01,,23.5,44683,4.0,32.1,,58.5,,
1948-04-01,,23.82,44379,3.9,33.0,272.567,59.0,15563.0,
1948-05-01,,24.01,44796,3.5,32.0,,58.3,,
1948-06-01,,24.15,45034,3.6,33.4,,59.2,,
1948-07-01,,24.4,45160,3.6,33.4,279.196,59.3,15585.0,
1948-08-01,,24.43,45178,3.9,32.7,,58.9,,
1948-09-01,,24.36,45294,3.8,33.0,,58.9,,
1948-10-01,,24.31,45245,3.7,32.4,280.366,58.7,15530.0,
1948-11-01,,24.16,45192,3.8,32.6,,58.7,,
1948-12-01,,24.05,45032,4.0,33.0,,59.1,,
1949-01-01,,24.01,44668,4.3,32.6,275.034,58.7,15250.0,
1949-02-01,,23.91,44497,4.7,33.0,,59.0,,
1949-03-01,,23.91,44240,5.0,33.0,,58.9,,
1949-04-01,,23.92,44236,5.3,32.8,271.351,58.8,15137.0,
1949-05-01,,23.91,43984,6.1,33.1,,59.0,,
1949-06-01,,23.92,43739,6.2,32.8,,58.6,,
1949-07-01,,23.7,43531,6.7,33.4,272.889,58.9,15228.0,
1949-08-01,,23.7,43624,6.8,33.5,,59.2,,
1949-09-01,,23.75,43780,6.6,33.4,,59.1,,
1949-10-01,,23.67,42942,7.9,33.6,270.627,59.6,15032.0,
1949-11-01,,23.7,43242,6.4,33.7,,59.4,,
1949-12-01,,23.61,43522,6.6,33.5,,59.2,,
1950-01-01,,23.51,43526,6.5,33.4,280.828,58.9,15559.0,
1950-02-01,,23.61,43297,6.4,33.4,,58.9,,
1950-03-01,,23.64,43954,6.3,33.2,,58.8,,
1950-04-01,,23.65,44382,5.8,33.9,290.383,59.2,15977.0,
1950-05-01,,23.77,44718,5.5,33.6,,59.1,,
1950-06-01,,23.88,45083,5.4,34.2,,59.4,,
1950-07-01,,24.07,45454,5.0,33.7,308.153,59.1,16524.0,
1950-08-01,,24.2,46192,4.5,34.1,,59.5,,
1950-09-01,,24.34,46438,4.4,33.7,,59.2,,
1950-10-01,,24.5,46706,4.2,34.3,319.945,59.4,16764.0,
1950-11-01,,24.6,46776,4.2,34.4,,59.3,,
1950-12-01,,24.98,46861,4.3,34.0,,59.2,,
1951-01-01,,25.38,47288,3.7,34.3,336.0,59.1,16922.0,
1951-02-01,,25.83,47577,3.4,34.2,,59.1,,
1951-03-01,,25.88,47873,3.4,35.0,,59.8,,
1951-04-01,,25.92,47861,3.1,34.4,344.09,59.1,17147.0,
1951-05-01,,25.99,47952,3.0,34.7,,59.4,,
1951-06-01,,25.93,48064,3.2,34.2,,59.0,,
1951-07-01,,25.91,48061,3.1,35.2,351.385,59.4,17420.0,
1951-08-01,,25.86,48012,3.1,34.7,,59.2,,
1951-09-01,,26.03,47954,3.3,34.4,,59.1,,
1951-10-01,,26.16,48006,3.5,34.8,356.178,59.4,17375.0,
1951-11-01,,26.32,48147,3.5,34.7,,59.2,,
1951-12-01,,26.47,48314,3.1,35.1,,59.6,,
1952-01-01,,26.45,48296,3.2,35.0,359.82,59.5,17490.0,
1952-02-01,,26.41,48522,3.1,34.9,,59.5,,
1952-03-01,,26.39,48504,2.9,34.1,,58.9,,
1952-04-01,,26.46,48620,2.9,34.3,361.03,58.8,17459.0,
1952-05-01,,26.47,48642,3.0,34.7,,59.1,,
1952-06-01,,26.53,48282,3.0,34.6,,59.1,,
1952-07-01,,26.68,48143,3.2,34.4,367.701,58.9,17509.0,
1952-08-01,,26.69,48924,3.4,34.4,,58.7,,
1952-09-01,,26.63,49320,3.1,35.4,,59.2,,
1952-10-01,,26.69,49597,3.0,34.6,380.812,58.7,18001.0,
1952-11-01,,26.69,49816,2.8,35.4,,59.1,,
1952-12-01,,26.71,50166,2.7,34.8,,59.2,,
1953-01-01,,26.64,50144,2.9,35.1,387.98,59.5,18268.0,
1953-02-01,,26.59,50339,2.6,34.9,,59.5,,
1953-03-01,,26.63,50473,2.6,35.2,,59.6,,
1953-04-01,,26.69,50435,2.7,34.6,391.749,59.1,18341.0,
1953-05-01,,26.7,50490,2.5,34.0,,58.6,,
1953-06-01,,26.77,50519,2.5,34.7,,58.9,,
1953-07-01,,26.79,50536,2.6,34.6,391.171,58.9,18155.0,
1953-08-01,,26.85,50489,2.7,34.2,,58.6,,
1953-09-01,,26.89,50368,2.9,34.3,,58.5,,
1953-10-01,,26.95,50240,3.1,34.4,385.97,58.5,17797.0,
1953-11-01,,26.85,49908,3.5,33.9,,58.6,,
1953-12-01,,26.87,49703,4.5,33.6,,58.3,,
1954-01-01,,26.94,49469,4.9,33.9,385.345,58.6,17636.0,
1954-02-01,,26.99,49382,5.2,35.0,,59.3,,
1954-03-01,,26.93,49157,5.7,35.1,,59.1,,
1954-04-01,,26.86,49179,5.9,35.0,386.121,59.2,17584.0,
1954-05-01,,26.93,48965,5.9,34.6,,58.9,,
1954-06-01,,26.94,48895,5.6,34.4,,58.5,,
1954-07-01,0.8,26.86,48835,5.8,34.1,390.996,58.4,17701.0,
1954-08-01,1.22,26.85,48826,6.0,34.3,,58.7,,
1954-09-01,1.07,26.81,48886,6.1,34.9,,59.2,,
1954-10-01,0.85,26.72,48942,5.7,34.8,399.734,58.8,17960.0,
1954-11-01,0.83,26.78,49180,5.3,34.6,,58.6,,
1954-12-01,1.28,26.77,49331,5.0,34.1,,58.1,,
1955-01-01,1.39,26.77,49496,4.9,34.7,413.073,58.6,18396.0,
1955-02-01,1.29,26.82,49644,4.7,34.5,,58.4,,
1955-03-01,1.35,26.79,49962,4.6,34.5,,58.5,,
1955-04-01,1.43,26.79,50248,4.7,35.3,421.532,59.0,18621.0,
1955-05-01,1.43,26.77,50512,4.3,35.0,,58.8,,
1955-06-01,1.64,26.71,50790,4.2,35.2,,58.8,,
1955-07-01,1.68,26.76,50987,4.0,35.8,430.221,59.3,18787.0,
1955-08-01,1.96,26.72,51111,4.2,36.4,,59.7,,
1955-09-01,2.18,26.85,51266,4.1,36.2,,59.7,,
1955-10-01,2.24,26.82,51429,4.3,36.4,437.092,59.8,18808.0,
1955-11-01,2.35,26.88,51592,4.2,36.5,,59.9,,
1955-12-01,2.48,26.87,51805,4.2,37.0,,60.2,,
1956-01-01,2.45,26.83,51975,4.0,36.7,439.746,60.2,18658.0,
1956-02-01,2.5,26.86,52167,3.9,36.3,,59.9,,
1956-03-01,2.5,26.89,52294,4.2,36.4,,59.8,,
1956-04-01,2.62,26.93,52375,4.0,36.6,446.01,59.9,18736.0,
1956-05-01,2.75,27.03,52506,4.3,37.1,,60.2,,
1956-06-01,2.71,27.15,52586,4.3,37.0,,60.1,,
1956-07-01,2.75,27.29,51955,4.4,37.2,451.191,60.1,18632.0,
1956-08-01,2.73,27.31,52631,4.1,37.0,,60.0,,
1956-09-01,2.95,27.35,52604,3.9,37.1,,60.0,,
1956-10-01,2.96,27.51,52777,3.9,36.9,460.463,59.8,18845.0,
1956-11-01,2.88,27.51,52821,4.3,36.9,,59.8,,
1956-12-01,2.94,27.63,52929,4.2,36.9,,59.8,,
1957-01-01,2.84,27.67,52887,4.2,36.6,469.779,59.5,18881.0,
1957-02-01,3.0,27.8,53097,3.9,37.1,,59.9,,
1957-03-01,2.96,27.86,53156,3.7,36.9,,59.8,,
1957-04-01,3.0,27.93,53238,3.9,36.5,472.025,59.5,18763.0,
1957-05-01,3.0,28.0,53150,4.1,36.6,,59.5,,
1957-06-01,3.0,28.11,53067,4.3,36.8,,59.8,,
1957-07-01,2.99,28.19,53123,4.2,37.2,479.49,60.0,18862.0,
1957-08-01,3.24,28.28,53128,4.1,36.6,,59.3,,
1957-09-01,3.47,28.32,52934,4.4,36.9,,59.6,,
1957-10-01,3.5,28.32,52763,4.5,37.0,474.864,59.5,18582.0,
1957-11-01,3.28,28.41,52558,5.1,36.9,,59.5,,
1957-12-01,2.98,28.47,52384,5.2,37.1,,59.6,,
1958-01-01,2.72,28.64,52076,5.8,36.8,467.54,59.3,18032.0,
1958-02-01,1.67,28.7,51576,6.4,37.0,,59.3,,
1958-03-01,1.2,28.87,51299,6.7,37.0,,59.3,,
1958-04-01,1.26,28.94,51027,7.4,37.3,471.978,59.6,18081.0,
1958-05-01,0.63,28.94,50914,7.4,37.4,,59.8,,
1958-06-01,0.93,28.91,50914,7.3,37.1,,59.5,,
1958-07-01,0.68,28.89,51039,7.5,37.0,485.841,59.6,18419.0,
1958-08-01,1.53,28.94,51233,7.4,37.3,,59.8,,
1958-09-01,1.76,28.91,51506,7.1,37.0,,59.7,,
1958-10-01,1.8,28.91,51485,6.7,37.0,499.555,59.6,18764.0,
1958-11-01,2.27,28.95,51944,6.2,36.8,,59.2,,
1958-12-01,2.42,28.97,52085,6.2,36.9,,59.2,,
1959-01-01,2.48,29.01,52478,6.0,37.1,510.33,59.3,19041.0,
1959-02-01,2.43,29.0,52688,5.9,36.8,,59.0,,
1959-03-01,2.8,28.97,53014,5.6,37.1,,59.3,,
1959-04-01,2.96,28.98,53321,5.2,37.3,522.653,59.4,19395.0,
1959-05-01,2.9,29.04,53550,5.1,37.1,,59.2,,
1959-06-01,3.39,29.11,53681,5.0,37.3,,59.2,,
1959-07-01,3.47,29.15,53804,5.1,37.1,525.034,59.4,19326.0,
1959-08-01,3.5,29.18,53336,5.2,37.1,,59.2,,
1959-09-01,3.76,29.25,53428,5.5,37.0,,59.3,,
1959-10-01,3.98,29.35,53358,5.7,37.4,528.6,59.4,19296.0,
1959-11-01,4.0,29.35,53634,5.8,37.0,,59.1,,
1959-12-01,3.99,29.41,54174,5.3,37.3,,59.5,,
1960-01-01,3.99,29.37,54274,5.2,37.0,542.648,59.1,19614.0,
1960-02-01,3.97,29.41,54513,4.8,37.1,,59.1,,
1960-03-01,3.84,29.41,54454,5.4,36.6,,58.5,,
1960-04-01,3.92,29.54,54813,5.2,37.8,541.08,59.5,19392.0,
1960-05-01,3.85,29.57,54475,5.1,37.9,,59.5,,
1960-06-01,3.32,29.61,54348,5.4,38.4,,59.7,,
1960-07-01,3.23,29.55,54306,5.5,38.1,545.604,59.5,19390.0,
1960-08-01,2.98,29.61,54272,5.6,37.9,,59.5,,
1960-09-01,2.6,29.61,54227,5.5,38.2,,59.7,,
1960-10-01,2.47,29.75,54142,6.1,37.7,540.197,59.4,19065.0,
1960-11-01,2.44,29.78,53961,6.1,38.2,,59.8,,
1960-12-01,1.98,29.81,53742,6.6,38.2,,59.7,,
1961-01-01,1.45,29.84,53683,6.6,38.2,545.018,59.6,19130.0,
1961-02-01,2.54,29.84,53557,6.9,38.5,,59.6,,
1961-03-01,2.02,29.84,53659,6.9,38.7,,59.7,,
1961-04-01,1.49,29.81,53627,7.0,38.1,555.545,59.3,19380.0,
1961-05-01,1.98,29.84,53786,7.1,38.1,,59.4,,
1961-06-01,1.73,29.84,53977,6.9,38.6,,59.7,,
1961-07-01,1.17,29.92,54123,7.0,38.1,567.664,59.3,19670.0,
1961-08-01,2.0,29.94,54298,6.6,38.0,,59.3,,
1961-09-01,1.88,29.98,54388,6.7,37.7,,59.0,,
1961-10-01,2.26,29.98,54522,6.5,38.0,580.612,59.1,19970.0,
1961-11-01,2.61,29.98,54742,6.1,37.8,,59.1,,
1961-12-01,2.33,30.01,54872,6.0,37.5,,58.8,,
1962-01-01,2.15,30.04,54891,5.8,37.9,594.013,58.8,20254.0,
1962-02-01,2.37,30.11,55188,5.5,38.0,,59.0,,
1962-03-01,2.85,30.17,55275,5.6,37.8,,58.9,,
1962-04-01,2.78,30.21,55602,5.6,37.8,600.366,58.7,20366.0,
1962-05-01,2.36,30.24,55628,5.5,37.8,,58.9,,
1962-06-01,2.68,30.21,55644,5.5,37.8,,58.8,,
1962-07-01,2.71,30.22,55746,5.4,37.7,609.027,58.5,20536.0,
1962-08-01,2.93,30.28,55838,5.7,38.3,,59.0,,
1962-09-01,2.9,30.42,55978,5.6,38.3,,59.0,,
1962-10-01,2.9,30.38,56041,5.4,37.9,612.28,58.7,20521.0,
1962-11-01,2.94,30.38,56056,5.7,37.8,,58.5,,
1962-12-01,2.93,30.38,56028,5.5,37.8,,58.4,,
1963-01-01,2.92,30.44,56115,5.7,38.0,621.672,58.6,20677.0,
1963-02-01,3.0,30.48,56230,5.9,38.2,,58.6,,
1963-03-01,2.98,30.51,56320,5.7,38.2,,58.6,,
1963-04-01,2.9,30.48,56580,5.7,38.4,629.752,58.8,20842.0,
1963-05-01,3.0,30.51,56616,5.9,38.5,,58.8,,
1963-06-01,2.99,30.61,56659,5.6,38.1,,58.5,,
1963-07-01,3.02,30.69,56794,5.6,38.3,644.444,58.7,21219.0,
1963-08-01,3.49,30.75,56910,5.4,38.0,,58.5,,
1963-09-01,3.48,30.72,57078,5.5,38.4,,58.7,,
1963-10-01,3.5,30.75,57283,5.5,38.6,653.938,58.8,21276.0,
1963-11-01,3.48,30.78,57255,5.7,38.5,,58.8,,
1963-12-01,3.38,30.88,57361,5.5,38.3,,58.5,,
1964-01-01,3.48,30.94,57487,5.6,38.4,669.822,58.6,21657.0,
1964-02-01,3.48,30.91,57753,5.4,38.8,,58.8,,
1964-03-01,3.43,30.94,57897,5.4,38.7,,58.7,,
1964-04-01,3.47,30.95,57922,5.3,39.2,678.674,59.1,21824.0,
1964-05-01,3.5,30.98,58089,5.1,39.1,,59.1,,
1964-06-01,3.5,31.01,58219,5.2,38.8,,58.7,,
1964-07-01,3.42,31.02,58412,4.9,38.5,692.031,58.6,22085.0,
1964-08-01,3.5,31.05,58619,5.0,38.6,,58.6,,
1964-09-01,3.45,31.08,58903,5.1,38.5,,58.7,,
1964-10-01,3.36,31.12,58793,5.1,38.6,697.319,58.6,22075.0,
1964-11-01,3.52,31.21,59218,4.8,38.5,,58.5,,
1964-12-01,3.85,31.25,59421,5.0,38.8,,58.6,,
1965-01-01,3.9,31.28,59582,4.9,38.7,717.79,58.6,22547.0,
1965-02-01,3.98,31.28,59800,5.1,38.8,,58.7,,
1965-03-01,4.05,31.31,60003,4.7,39.0,,58.7,,
1965-04-01,4.09,31.38,60259,4.8,39.0,730.191,58.8,22770.0,
1965-05-01,4.1,31.48,60491,4.6,39.0,,59.0,,
1965-06-01,4.05,31.61,60690,4.6,39.4,,58.8,,
1965-07-01,4.09,31.58,60965,4.4,39.5,749.323,59.1,23198.0,
1965-08-01,4.12,31.55,61228,4.4,39.3,,58.9,,
1965-09-01,4.02,31.62,61490,4.3,39.3,,58.7,,
1965-10-01,4.08,31.65,61719,4.2,39.5,771.857,58.9,23656.0,
1965-11-01,4.1,31.75,61996,4.1,39.6,,58.8,,
1965-12-01,4.32,31.85,62322,4.0,39.8,,59.0,,
1966-01-01,4.42,31.88,62529,4.0,39.8,795.734,59.0,24172.0,
1966-02-01,4.6,32.08,62796,3.8,39.6,,58.8,,
1966-03-01,4.66,32.18,63192,3.8,39.6,,58.8,,
1966-04-01,4.67,32.28,63437,3.8,39.8,804.981,59.0,24191.0,
1966-05-01,4.9,32.35,63712,3.9,40.0,,59.0,,
1966-06-01,5.17,32.38,64111,3.8,40.1,,59.1,,
1966-07-01,5.3,32.45,64301,3.8,40.2,819.638,59.1,24321.0,
1966-08-01,5.53,32.65,64507,3.8,40.5,,59.3,,
1966-09-01,5.4,32.75,64643,3.7,40.7,,59.3,,
1966-10-01,5.53,32.85,64854,3.7,40.7,833.302,59.3,24446.0,
1966-11-01,5.76,32.88,65019,3.6,41.1,,59.6,,
1966-12-01,5.4,32.92,65199,3.8,41.0,,59.5,,
1967-01-01,4.94,32.9,65407,3.9,40.8,844.17,59.5,24602.0,
1967-02-01,5.0,33.0,65429,3.8,40.7,,59.3,,
1967-03-01,4.53,33.0,65530,3.8,40.4,,59.1,,
1967-04-01,4.05,33.1,65466,3.8,40.9,848.983,59.4,24556.0,
1967-05-01,3.94,33.1,65620,3.8,40.7,,59.3,,
1967-06-01,3.98,33.3,65750,3.9,41.0,,59.6,,
1967-07-01,3.79,33.4,65888,3.8,41.1,865.233,59.6,24719.0,
1967-08-01,3.9,33.5,66143,3.8,41.2,,59.7,,
1967-09-01,3.99,33.6,66164,3.8,41.4,,59.7,,
1967-10-01,3.88,33.7,66225,4.0,41.7,881.439,59.9,24836.0,
1967-11-01,4.13,33.9,66703,3.9,41.6,,59.8,,
1967-12-01,4.51,34.0,66900,3.8,41.9,,59.9,,
1968-01-01,4.61,34.1,66804,3.7,41.0,909.387,59.2,25288.0,
1968-02-01,4.71,34.2,67215,3.8,41.4,,59.6,,
1968-03-01,5.05,34.3,67295,3.7,41.5,,59.6,,
1968-04-01,5.76,34.4,67556,3.5,41.4,934.344,59.5,25652.0,
1968-05-01,6.12,34.5,67652,3.5,42.0,,59.9,,
1968-06-01,6.07,34.7,67905,3.7,42.0,,60.0,,
1968-07-01,6.03,34.9,68126,3.7,41.8,950.825,59.8,25781.0,
1968-08-01,6.03,35.0,68330,3.5,41.4,,59.6,,
1968-09-01,5.78,35.1,68484,3.4,41.6,,59.5,,
1968-10-01,5.91,35.3,68721,3.4,41.6,968.03,59.5,25813.0,
1968-11-01,5.82,35.4,68984,3.4,41.8,,59.6,,
1968-12-01,6.02,35.6,69248,3.4,41.8,,59.7,,
1969-01-01,6.3,35.7,69439,3.4,41.9,993.337,59.6,26162.0,
1969-02-01,6.61,35.8,69699,3.4,42.3,,60.0,,
1969-03-01,6.79,36.1,69905,3.4,42.3,,59.9,,
1969-04-01,7.41,36.3,70072,3.4,42.5,1009.02,60.0,26181.0,
1969-05-01,8.67,36.4,70328,3.4,42.4,,59.8,,
1969-06-01,8.9,36.6,70636,3.5,42.9,,60.1,,
1969-07-01,8.61,36.8,70729,3.5,42.9,1029.956,60.1,26281.0,
1969-08-01,9.19,36.9,71008,3.5,43.0,,60.3,,
1969-09-01,9.15,37.1,70914,3.7,42.9,,60.3,,
1969-10-01,9.0,37.3,71121,3.7,43.2,1038.147,60.4,26076.0,
1969-11-01,8.85,37.5,71086,3.5,43.0,,60.2,,
1969-12-01,8.97,37.7,71241,3.5,43.1,,60.2,,
1970-01-01,8.98,37.9,71176,3.9,43.3,1051.2,60.4,25973.0,
1970-02-01,8.98,38.1,71305,4.2,43.2,,60.4,,
1970-03-01,7.76,38.3,71451,4.4,43.4,,60.6,,
1970-04-01,8.1,38.5,71348,4.6,43.6,1067.375,60.6,25929.0,
1970-05-01,7.95,38.6,71124,4.8,43.1,,60.3,,
1970-06-01,7.61,38.8,71029,4.9,43.1,,60.2,,
1970-07-01,7.21,38.9,71053,5.0,43.5,1086.059,60.4,26079.0,
1970-08-01,6.62,39.0,70937,5.1,43.4,,60.3,,
1970-09-01,6.29,39.2,70944,5.4,43.2,,60.2,,
1970-10-01,6.2,39.4,70521,5.5,43.5,1088.608,60.4,25710.0,
1970-11-01,5.6,39.6,70409,5.9,43.5,,60.4,,
1970-12-01,4.9,39.8,70792,6.1,43.4,,60.4,,
1971-01-01,4.14,39.9,70865,5.9,43.6,1135.156,60.4,26328.0,
1971-02-01,3.72,39.9,70807,5.9,43.3,,60.1,,
1971-03-01,3.71,40.0,70860,6.0,43.3,,60.0,,
1971-04-01,4.16,40.1,71036,5.9,43.2,1156.271,60.1,26394.0,
1971-05-01,4.63,40.3,71247,5.9,43.2,,60.2,,
1971-06-01,4.91,40.5,71254,5.9,42.8,,59.8,,
1971-07-01,5.31,40.6,71315,6.0,43.1,1177.675,60.1,26529.0,
1971-08-01,5.57,40.7,71373,6.1,43.3,,60.2,,
1971-09-01,5.55,40.8,71614,6.0,43.4,,60.1,,
1971-10-01,5.2,40.9,71642,5.8,43.5,1190.297,60.1,26510.0,
1971-11-01,4.91,41.0,71847,6.0,43.8,,60.4,,
1971-12-01,4.14,41.1,72109,6.0,43.8,,60.4,,
1972-01-01,3.51,41.2,72441,5.8,43.8,1230.609,60.2,26932.0,
1972-02-01,3.3,41.4,72648,5.7,43.6,,60.2,,
1972-03-01,3.83,41.4,72944,5.8,43.9,,60.5,,
1972-04-01,4.17,41.5,73162,5.7,43.9,1266.369,60.4,27478.0,
1972-05-01,4.27,41.6,73469,5.7,43.9,,60.4,,
1972-06-01,4.46,41.7,73758,5.7,43.9,,60.4,,
1972-07-01,4.55,41.8,73709,5.6,43.9,1290.566,60.4,27666.0,
1972-08-01,4.81,41.9,74141,5.6,44.0,,60.6,,
1972-09-01,4.87,42.1,74264,5.5,43.9,,60.4,,
1972-10-01,5.05,42.2,74674,5.6,43.9,1328.904,60.3,28055.0,
1972-11-01,5.06,42.4,74973,5.3,43.9,,60.3,,
1972-12-01,5.33,42.5,75268,5.2,44.0,,60.5,,
1973-01-01,5.94,42.7,75617,4.9,43.7,1377.49,60.0,28687.0,
1973-02-01,6.58,43.0,76014,5.0,44.3,,60.5,,
1973-03-01,7.09,43.4,76284,4.9,44.4,,60.8,,
1973-04-01,7.12,43.7,76455,5.0,44.6,1413.887,60.8,28935.0,
1973-05-01,7.84,43.9,76648,4.9,44.6,,60.6,,
1973-06-01,8.49,44.2,76887,4.9,45.0,,60.9,,
1973-07-01,10.4,44.2,76913,4.8,44.8,1433.838,60.9,28711.0,
1973-08-01,10.5,45.0,77168,4.8,44.8,,60.7,,
1973-09-01,10.78,45.2,77276,4.8,45.0,,60.8,,
1973-10-01,10.01,45.6,77607,4.6,45.0,1476.289,60.9,28913.0,
1973-11-01,10.03,45.9,77920,4.8,45.3,,61.2,,
1973-12-01,9.95,46.3,78031,4.9,45.3,,61.2,,
1974-01-01,9.65,46.8,78100,5.1,45.1,1491.209,61.3,28606.0,
1974-02-01,8.97,47.3,78254,5.2,45.4,,61.4,,
1974-03-01,9.35,47.8,78296,5.1,45.5,,61.3,,
1974-04-01,10.51,48.1,78382,5.1,45.4,1530.056,61.1,28613.0,
1974-05-01,11.31,48.6,78549,5.1,45.5,,61.2,,
1974-06-01,11.93,49.0,78604,5.4,45.7,,61.2,,
1974-07-01,12.92,49.3,78636,5.5,46.1,1560.026,61.4,28270.0,
1974-08-01,12.01,49.9,78619,5.5,45.7,,61.2,,
1974-09-01,11.34,50.6,78610,5.9,46.0,,61.4,,
1974-10-01,10.06,51.0,78630,6.0,45.8,1599.679,61.3,28088.0,
1974-11-01,9.45,51.5,78265,6.6,45.9,,61.3,,
1974-12-01,8.53,51.9,77652,7.2,45.9,,61.2,,
1975-01-01,7.13,52.3,77293,8.1,46.3,1616.116,61.4,27690.0,
1975-02-01,6.24,52.6,76918,8.1,45.9,,61.0,,
1975-03-01,5.54,52.8,76648,8.6,46.2,,61.2,,
1975-04-01,5.49,53.0,76460,8.8,46.3,1651.853,61.3,27821.0,
1975-05-01,5.22,53.1,76624,9.0,46.4,,61.5,,
1975-06-01,5.55,53.5,76521,8.8,46.3,,61.2,,
1975-07-01,6.1,54.0,76770,8.6,46.4,1709.82,61.3,28214.0,
1975-08-01,6.14,54.2,77153,8.4,46.5,,61.3,,
1975-09-01,6.24,54.6,77228,8.4,46.4,,61.2,,
1975-10-01,5.82,54.9,77540,8.4,46.5,1761.831,61.2,28520.0,
1975-11-01,5.22,55.3,77685,8.3,46.4,,61.1,,
1975-12-01,5.2,55.6,78017,8.2,46.6,,61.1,,
1976-01-01,4.87,55.8,78503,7.9,46.9,1820.487,61.3,29099.0,
1976-02-01,4.77,55.9,78816,7.7,46.9,,61.3,,
1976-03-01,4.84,56.0,79048,7.6,47.0,,61.3,,
1976-04-01,4.82,56.1,79292,7.7,47.1,1852.332,61.6,29250.0,
1976-05-01,5.29,56.4,79312,7.4,47.2,,61.5,,
1976-06-01,5.48,56.7,79376,7.6,47.3,,61.5,,
1976-07-01,5.31,57.0,79547,7.8,47.6,1886.558,61.8,29335.0,
1976-08-01,5.29,57.3,79704,7.8,47.6,,61.8,,
1976-09-01,5.25,57.6,79892,7.6,47.3,,61.6,,
1976-10-01,5.02,57.9,79911,7.7,47.3,1934.273,61.6,29469.0,
1976-11-01,4.95,58.1,80240,7.8,47.7,,61.9,,
1976-12-01,4.65,58.4,80448,7.8,47.7,,61.8,,
1977-01-01,4.61,58.7,80690,7.5,47.6,1988.648,61.6,29749.0,
1977-02-01,4.68,59.3,80988,7.6,47.9,,61.9,,
1977-03-01,4.69,59.6,81391,7.4,48.2,,62.0,,
1977-04-01,4.73,60.0,81728,7.2,48.3,2055.909,62.1,30254.0,
1977-05-01,5.35,60.2,82088,7.0,48.4,,62.2,,
1977-06-01,5.39,60.5,82488,7.2,48.5,,62.4,,
1977-07-01,5.42,60.8,82834,6.9,48.3,2118.473,62.1,30713.0,
1977-08-01,5.9,61.1,83075,7.0,48.6,,62.3,,
1977-09-01,6.14,61.3,83532,6.8,48.8,,62.3,,
1977-10-01,6.47,61.6,83800,6.8,48.6,2164.27,62.4,30626.0,
1977-11-01,6.51,62.0,84173,6.8,49.1,,62.8,,
1977-12-01,6.56,62.3,84410,6.4,48.9,,62.7,,
1978-01-01,6.7,62.7,84594,6.4,49.2,2202.76,62.8,30653.0,
1978-02-01,6.78,63.0,84948,6.3,49.2,,62.7,,
1978-03-01,6.79,63.4,85460,6.3,49.4,,62.8,,
1978-04-01,6.89,63.9,86162,6.1,49.7,2331.633,63.0,31757.0,
1978-05-01,7.36,64.5,86509,6.0,49.9,,63.1,,
1978-06-01,7.6,65.0,86950,5.9,50.1,,63.3,,
1978-07-01,7.81,65.5,87204,6.2,50.1,2395.053,63.2,31982.0,
1978-08-01,8.04,65.9,87483,5.9,50.0,,63.2,,
1978-09-01,8.45,66.5,87621,6.0,50.4,,63.3,,
1978-10-01,8.96,67.1,87956,5.8,50.4,2476.949,63.3,32318.0,
1978-11-01,9.76,67.5,88391,5.9,50.5,,63.5,,
1978-12-01,10.03,67.9,88671,6.0,50.6,,63.6,,
1979-01-01,10.07,68.5,88808,5.9,50.5,2526.61,63.6,32294.0,
1979-02-01,10.06,69.2,89055,5.9,50.8,,63.8,,
1979-03-01,10.09,69.9,89479,5.8,51.0,,63.8,,
1979-04-01,10.01,70.6,89417,5.8,50.6,2591.247,63.5,32244.0,
1979-05-01,10.24,71.4,89789,5.6,50.6,,63.3,,
1979-06-01,10.29,72.2,90108,5.7,50.7,,63.5,,
1979-07-01,10.47,73.0,90217,5.7,50.9,2667.565,63.6,32386.0,
1979-08-01,10.94,73.7,90300,6.0,51.0,,63.6,,
1979-09-01,11.43,74.4,90327,5.9,51.1,,63.8,,
1979-10-01,13.77,75.2,90481,6.0,51.3,2723.883,63.7,32366.0,
1979-11-01,13.18,76.0,90573,5.9,51.3,,63.7,,
1979-12-01,13.78,76.9,90672,6.0,51.5,,63.9,,
1980-01-01,13.82,78.0,90800,6.3,51.6,2789.842,64.0,32377.0,
1980-02-01,14.13,79.0,90883,6.3,51.5,,64.0,,
1980-03-01,17.19,80.1,90994,6.3,51.3,,63.7,,
1980-04-01,17.61,80.9,90849,6.9,51.4,2797.352,63.8,31621.0,
1980-05-01,10.98,81.7,90420,7.5,51.5,,63.9,,
1980-06-01,9.47,82.5,90101,7.6,51.3,,63.7,,
1980-07-01,9.03,82.6,89840,7.8,51.5,2856.483,63.8,31489.0,
1980-08-01,9.61,83.2,90099,7.7,51.5,,63.7,,
1980-09-01,10.87,83.9,90213,7.5,51.4,,63.6,,
1980-10-01,12.81,84.7,90490,7.5,51.6,2985.557,63.7,31990.0,
1980-11-01,15.85,85.6,90747,7.5,51.6,,63.8,,
1980-12-01,18.9,86.4,90943,7.2,51.5,,63.6,,
1981-01-01,19.08,87.2,91033,7.5,51.9,3124.206,63.9,32550.0,
1981-02-01,15.93,88.0,91105,7.4,52.0,,63.9,,
1981-03-01,14.7,88.6,91210,7.4,52.1,,64.1,,
1981-04-01,15.72,89.1,91283,7.2,52.3,3162.532,64.2,32236.0,
1981-05-01,18.52,89.7,91296,7.5,52.4,,64.3,,
1981-06-01,19.1,90.5,91490,7.5,52.1,,63.7,,
1981-07-01,19.04,91.5,91601,7.2,52.1,3260.609,63.8,32533.0,
1981-08-01,17.82,92.2,91565,7.4,52.1,,63.8,,
1981-09-01,15.87,93.1,91477,7.6,51.7,,63.5,,
1981-10-01,15.08,93.4,91380,7.9,52.3,3280.818,63.8,32095.0,
1981-11-01,13.31,93.8,91171,8.3,52.4,,63.9,,
1981-12-01,12.37,94.1,90895,8.5,52.0,,63.6,,
1982-01-01,13.22,94.4,90565,8.6,52.1,3274.302,63.7,31529.0,
1982-02-01,14.78,94.7,90563,8.9,52.3,,63.8,,
1982-03-01,14.68,94.7,90434,9.0,52.4,,63.8,,
1982-04-01,14.94,95.0,90150,9.3,52.4,3331.972,63.9,31603.0,
1982-05-01,14.45,95.9,90107,9.4,52.7,,64.2,,
1982-06-01,14.15,97.0,89865,9.6,52.7,,63.9,,
1982-07-01,12.59,97.5,89521,9.8,52.8,3366.322,64.0,31402.0,
1982-08-01,10.12,97.7,89363,9.8,52.8,,64.1,,
1982-09-01,10.31,97.7,89183,10.1,52.8,,64.1,,
1982-10-01,9.71,98.1,88907,10.4,52.7,3402.561,64.1,31337.0,
1982-11-01,9.2,98.0,88786,10.8,52.9,,64.2,,
1982-12-01,8.95,97.7,88771,10.8,53.0,,64.1,,
1983-01-01,8.68,97.9,88990,10.4,52.9,3473.413,63.9,31686.0,
1983-02-01,8.51,98.0,88917,10.4,52.7,,63.8,,
1983-03-01,8.77,98.1,89090,10.3,52.6,,63.7,,
1983-04-01,8.8,98.8,89364,10.2,52.6,3578.848,63.8,32340.0,
1983-05-01,8.63,99.2,89644,10.1,52.5,,63.7,,
1983-06-01,8.98,99.4,90021,10.1,53.0,,64.3,,
1983-07-01,9.37,99.8,90437,9.4,52.8,3689.179,64.1,32906.0,
1983-08-01,9.56,100.1,90129,9.5,53.2,,64.3,,
1983-09-01,9.45,100.4,91247,9.2,53.3,,64.3,,
1983-10-01,9.48,100.8,91520,8.8,53.0,3794.706,64.0,33513.0,
1983-11-01,9.34,101.1,91875,8.5,53.1,,64.1,,
1983-12-01,9.47,101.4,92230,8.3,53.2,,64.1,,
1984-01-01,9.56,102.1,92673,8.0,52.9,3908.054,63.9,34103.0,
1984-02-01,9.59,102.6,93157,7.8,53.2,,64.1,,
1984-03-01,9.91,102.9,93429,7.8,53.2,,64.1,,
1984-04-01,10.29,103.3,93792,7.7,53.5,4009.601,64.3,34622.0,
1984-05-01,10.32,103.5,94098,7.4,53.9,,64.5,,
1984-06-01,11.06,103.7,94479,7.2,53.7,,64.6,,
1984-07-01,11.23,104.1,94789,7.5,53.9,4084.25,64.6,34871.0,
1984-08-01,11.64,104.4,95032,7.5,53.7,,64.4,,
1984-09-01,11.3,104.7,95344,7.3,53.5,,64.4,,
1984-10-01,9.99,105.1,95629,7.4,53.7,4148.551,64.4,35072.0,
1984-11-01,9.43,105.3,95982,7.2,53.7,,64.5,,
1984-12-01,8.38,105.5,96107,7.3,53.9,,64.6,,
1985-01-01,8.35,105.7,96372,7.3,54.2,4230.168,64.7,35346.0,
1985-02-01,8.5,106.3,96503,7.2,54.4,,64.7,,
1985-03-01,8.58,106.8,96842,7.2,54.6,,64.9,,
1985-04-01,8.27,107.0,97038,7.3,54.5,4294.887,64.9,35582.0,
1985-05-01,7.97,107.2,97312,7.2,54.4,,64.8,,
1985-06-01,7.53,107.5,97459,7.4,54.1,,64.6,,
1985-07-01,7.88,107.7,97648,7.4,54.3,4386.773,64.7,36033.0,
1985-08-01,7.9,107.9,97840,7.1,54.2,,64.6,,
1985-09-01,7.92,108.1,98045,7.1,54.6,,64.9,,
1985-10-01,7.99,108.5,98233,7.1,54.6,4444.094,65.0,36210.0,
1985-11-01,8.05,109.0,98443,7.0,54.7,,64.9,,
1985-12-01,8.27,109.5,98609,7.0,54.9,,65.0,,
1986-01-01,8.14,109.9,98732,6.7,54.7,4507.894,64.9,36476.0,
1986-02-01,7.86,109.7,98847,7.2,54.8,,65.0,,
1986-03-01,7.48,109.1,98934,7.2,55.1,,65.1,,
1986-04-01,6.99,108.7,99121,7.1,55.1,4545.34,65.1,36563.0,
1986-05-01,6.85,109.0,99248,7.2,55.2,,65.2,,
1986-06-01,6.92,109.4,99155,7.2,55.5,,65.4,,
1986-07-01,6.56,109.5,99473,7.0,55.5,4607.669,65.4,36822.0,
1986-08-01,6.17,109.6,99588,6.9,55.6,,65.3,,
1986-09-01,5.89,110.0,99934,7.0,55.5,,65.4,,
1986-10-01,5.85,110.2,100121,7.0,55.7,4657.627,65.4,36931.0,
1986-11-01,6.04,110.4,100308,6.9,55.5,,65.4,,
1986-12-01,6.91,110.8,100509,6.6,55.4,,65.3,,
1987-01-01,6.43,111.4,100678,6.6,55.4,4722.156,65.4,37132.0,
1987-02-01,6.1,111.8,100919,6.6,55.6,,65.5,,
1987-03-01,6.13,112.2,101164,6.6,55.8,,65.5,,
1987-04-01,6.37,112.7,101499,6.3,55.8,4806.16,65.4,37454.0,
1987-05-01,6.85,113.0,101728,6.3,56.1,,65.7,,
1987-06-01,6.73,113.5,101900,6.2,55.9,,65.5,,
1987-07-01,6.58,113.8,102247,6.1,56.1,4884.555,65.6,37685.0,
1987-08-01,6.73,114.3,102420,6.0,56.2,,65.7,,
1987-09-01,7.22,114.7,102647,5.9,56.0,,65.5,,
1987-10-01,7.29,115.0,103138,6.0,56.3,5007.994,65.7,38238.0,
1987-11-01,6.69,115.4,103372,5.8,56.3,,65.7,,
1987-12-01,6.77,115.6,103661,5.7,56.4,,65.7,,
1988-01-01,6.83,116.0,103753,5.7,56.4,5073.372,65.8,38359.0,
1988-02-01,6.58,116.2,104214,5.7,56.5,,65.9,,
1988-03-01,6.58,116.5,104489,5.7,56.4,,65.7,,
1988-04-01,6.87,117.2,104732,5.4,56.4,5190.036,65.8,38782.0,
1988-05-01,7.09,117.5,104962,5.6,56.1,,65.7,,
1988-06-01,7.51,118.0,105326,5.4,56.4,,65.8,,
1988-07-01,7.75,118.5,105550,5.4,56.5,5282.835,65.9,38908.0,
1988-08-01,8.01,119.0,105674,5.6,56.6,,66.1,,
1988-09-01,8.19,119.5,106013,5.4,56.6,,65.9,,
1988-10-01,8.3,119.9,106276,5.4,56.8,5399.509,66.0,39328.0,
1988-11-01,8.35,120.3,106617,5.3,57.2,,66.2,,
1988-12-01,8.76,120.7,106898,5.3,57.2,,66.1,,
1989-01-01,9.12,121.2,107161,5.4,57.5,5511.253,66.5,39648.0,
1989-02-01,9.36,121.6,107427,5.2,57.1,,66.3,,
1989-03-01,9.85,122.2,107621,5.0,57.2,,66.3,,
1989-04-01,9.84,123.1,107791,5.2,57.3,5612.463,66.4,39861.0,
1989-05-01,9.81,123.7,107913,5.2,57.3,,66.3,,
1989-06-01,9.53,124.1,108027,5.3,57.3,,66.5,,
1989-07-01,9.24,124.5,108069,5.2,57.4,5695.365,66.5,40046.0,
1989-08-01,8.99,124.5,108120,5.2,57.5,,66.5,,
1989-09-01,9.02,124.8,108369,5.3,57.5,,66.4,,
1989-10-01,8.84,125.4,108476,5.3,57.4,5747.237,66.5,40015.0,
1989-11-01,8.55,125.9,108752,5.4,57.8,,66.6,,
1989-12-01,8.45,126.3,108836,5.4,57.5,,66.5,,
1990-01-01,8.23,127.5,109189,5.4,57.7,5872.701,66.8,40361.0,
1990-02-01,8.24,128.0,109432,5.3,57.6,,66.7,,
1990-03-01,8.28,128.6,109637,5.2,57.6,,66.7,,
1990-04-01,8.26,128.9,109671,5.4,57.5,5960.028,66.6,40382.0,
1990-05-01,8.18,129.1,109834,5.4,57.7,,66.6,,
1990-06-01,8.29,129.9,109857,5.2,57.4,,66.4,,
1990-07-01,8.15,130.5,109822,5.5,57.5,6015.116,66.5,40266.0,
1990-08-01,8.13,131.6,109610,5.7,57.6,,66.5,,
1990-09-01,8.2,132.5,109520,5.9,57.6,,66.4,,
1990-10-01,8.11,133.4,109374,5.9,57.4,6004.733,66.4,39759.0,
1990-11-01,7.81,133.7,109220,6.2,57.4,,66.4,,
1990-12-01,7.31,134.2,109168,6.3,57.3,,66.4,,
1991-01-01,6.91,134.7,109051,6.4,57.3,6035.178,66.2,39451.0,
1991-02-01,6.25,134.8,108731,6.6,57.4,,66.2,,
1991-03-01,6.12,134.8,108569,6.8,57.3,,66.3,,
1991-04-01,5.91,135.1,108352,6.7,57.6,6126.862,66.4,39632.0,
1991-05-01,5.78,135.6,108250,6.9,57.4,,66.2,,
1991-06-01,5.9,136.0,108338,6.9,57.4,,66.2,,
1991-07-01,5.82,136.2,108290,6.8,57.2,6205.937,66.1,39691.0,
1991-08-01,5.66,136.6,108302,6.9,57.2,,66.0,,
1991-09-01,5.45,137.0,108333,6.9,57.4,,66.2,,
1991-10-01,5.21,137.2,108362,7.0,57.5,6264.54,66.1,39694.0,
1991-11-01,4.81,137.8,108300,7.0,57.5,,66.1,,
1991-12-01,4.43,138.2,108330,7.3,57.5,,66.0,,
1992-01-01,4.03,138.3,108367,7.3,57.7,6363.102,66.3,40051.0,
1992-02-01,4.06,138.6,108312,7.4,57.7,,66.2,,
1992-03-01,3.98,139.1,108361,7.4,57.8,,66.4,,
1992-04-01,3.73,139.4,108515,7.4,57.9,6470.763,66.5,40350.0,
1992-05-01,3.82,139.7,108648,7.6,57.8,,66.6,,
1992-06-01,3.76,140.1,108717,7.8,57.9,,66.7,,
1992-07-01,3.25,140.5,108799,7.7,58.1,6566.641,66.7,40599.0,
1992-08-01,3.3,140.8,108923,7.6,58.0,,66.6,,
1992-09-01,3.22,141.1,108954,7.6,57.8,,66.5,,
1992-10-01,3.1,141.7,109135,7.3,57.6,6680.803,66.2,40881.0,
1992-11-01,3.09,142.1,109280,7.4,57.8,,66.3,,
1992-12-01,2.92,142.3,109500,7.4,57.9,,66.3,,
1993-01-01,3.02,142.8,109795,7.3,57.7,6729.459,66.2,40829.0,
1993-02-01,3.03,143.1,110044,7.1,57.7,,66.2,,
1993-03-01,3.07,143.3,109992,7.0,57.6,,66.2,,
1993-04-01,2.96,143.8,110295,7.1,57.7,6808.939,66.1,40942.0,
1993-05-01,3.0,144.2,110570,7.1,58.0,,66.4,,
1993-06-01,3.04,144.3,110751,7.0,58.0,,66.5,,
1993-07-01,3.06,144.5,111060,6.9,57.9,6882.098,66.4,40997.0,
1993-08-01,3.03,144.8,111209,6.8,58.0,,66.4,,
1993-09-01,3.09,145.0,111454,6.7,57.9,,66.2,,
1993-10-01,2.99,145.6,111734,6.8,58.1,7013.738,66.3,41423.0,
1993-11-01,3.02,146.0,111990,6.6,58.2,,66.3,,
1993-12-01,2.96,146.3,112324,6.5,58.4,,66.4,,
1994-01-01,3.05,146.3,112598,6.6,58.7,7115.652,66.6,41713.0,
1994-02-01,3.25,146.7,112779,6.6,58.8,,66.6,,
1994-03-01,3.34,147.1,113240,6.5,58.7,,66.5,,
1994-04-01,3.56,147.2,113587,6.4,58.8,7246.931,66.5,42154.0,
1994-05-01,4.01,147.5,113923,6.1,58.9,,66.6,,
1994-06-01,4.25,147.9,114237,6.1,58.7,,66.4,,
1994-07-01,4.26,148.4,114607,6.1,58.6,7331.075,66.4,42264.0,
1994-08-01,4.47,149.0,114899,6.0,58.9,,66.6,,
1994-09-01,4.73,149.3,115253,5.9,58.9,,66.6,,
1994-10-01,4.76,149.4,115458,5.8,58.9,7455.288,66.7,42618.0,
1994-11-01,5.29,149.8,115873,5.6,58.9,,66.7,,
1994-12-01,5.45,150.1,116176,5.5,58.7,,66.7,,
1995-01-01,5.53,150.5,116504,5.6,58.8,7522.289,66.8,42654.0,
1995-02-01,5.92,150.9,116693,5.4,58.8,,66.8,,
1995-03-01,5.98,151.2,116907,5.4,58.8,,66.7,,
1995-04-01,6.05,151.8,117065,5.8,59.2,7580.997,66.9,42660.0,
1995-05-01,6.01,152.1,117050,5.6,58.8,,66.5,,
1995-06-01,6.0,152.4,117286,5.6,58.7,,66.5,,
1995-07-01,5.85,152.6,117377,5.7,59.1,7683.125,66.6,42885.0,
1995-08-01,5.74,152.9,117639,5.7,59.0,,66.6,,
1995-09-01,5.8,153.1,117880,5.6,59.0,,66.6,,
1995-10-01,5.76,153.5,118029,5.5,59.2,7772.586,66.6,43044.0,
1995-11-01,5.8,153.7,118168,5.6,59.1,,66.5,,
1995-12-01,5.6,153.9,118325,5.6,58.9,,66.4,,
1996-01-01,5.56,154.7,118318,5.6,58.9,7868.468,66.4,43259.0,
1996-02-01,5.22,155.0,118734,5.5,58.9,,66.6,,
1996-03-01,5.31,155.5,118990,5.5,59.0,,66.6,,
1996-04-01,5.22,156.1,119156,5.6,59.1,8032.84,66.7,43856.0,
1996-05-01,5.24,156.4,119489,5.6,59.1,,66.7,,
1996-06-01,5.27,156.7,119770,5.3,59.0,,66.7,,
1996-07-01,5.4,157.0,120016,5.5,59.3,8131.408,66.9,44105.0,
1996-08-01,5.22,157.2,120201,5.1,59.3,,66.7,,
1996-09-01,5.3,157.7,120402,5.2,59.5,,66.9,,
1996-10-01,5.24,158.2,120663,5.2,59.6,8259.771,67.0,44421.0,
1996-11-01,5.31,158.7,120949,5.4,59.8,,67.0,,
1996-12-01,5.29,159.1,121145,5.4,59.8,,67.0,,
1997-01-01,5.25,159.4,121363,5.3,59.6,8362.655,67.0,44590.0,
1997-02-01,5.19,159.7,121675,5.2,59.5,,66.9,,
1997-03-01,5.39,159.8,121989,5.2,59.8,,67.1,,
1997-04-01,5.51,159.9,122284,5.1,59.7,8518.825,67.1,45203.0,
1997-05-01,5.5,159.9,122551,4.9,59.8,,67.1,,
1997-06-01,5.56,160.2,122816,5.0,59.7,,67.1,,
1997-07-01,5.52,160.4,123112,4.9,60.0,8662.823,67.2,45616.0,
1997-08-01,5.54,160.8,123092,4.8,59.9,,67.2,,
1997-09-01,5.54,161.2,123577,4.9,60.0,,67.1,,
1997-10-01,5.5,161.5,123923,4.7,59.8,8765.907,67.1,45862.0,
1997-11-01,5.52,161.7,124230,4.6,59.8,,67.2,,
1997-12-01,5.5,161.8,124551,4.7,60.1,,67.2,,
1998-01-01,5.56,162.0,124813,4.6,59.9,8866.48,67.1,46204.0,
1998-02-01,5.51,162.0,125018,4.6,59.9,,67.1,,
1998-03-01,5.49,162.0,125164,4.7,59.9,,67.1,,
1998-04-01,5.45,162.2,125445,4.3,59.7,8969.699,67.0,46504.0,
1998-05-01,5.49,162.6,125846,4.4,59.7,,67.0,,
1998-06-01,5.56,162.8,126077,4.5,59.7,,67.0,,
1998-07-01,5.54,163.2,126209,4.5,59.7,9121.097,67.0,46943.0,
1998-08-01,5.55,163.4,126547,4.5,59.8,,67.0,,
1998-09-01,5.51,163.5,126745,4.6,60.0,,67.2,,
1998-10-01,5.07,163.9,126950,4.5,60.0,9293.991,67.2,47555.0,
1998-11-01,4.83,164.1,127225,4.4,59.9,,67.1,,
1998-12-01,4.68,164.4,127598,4.4,60.0,,67.2,,
1999-01-01,4.63,164.7,127704,4.3,60.1,9411.682,67.2,47880.0,
1999-02-01,4.76,164.7,128118,4.4,60.0,,67.2,,
1999-03-01,4.81,164.8,128233,4.2,59.9,,67.0,,
1999-04-01,4.74,165.9,128595,4.3,60.1,9526.21,67.1,48148.0,
1999-05-01,4.74,166.0,128810,4.2,59.9,,67.1,,
1999-06-01,4.76,166.0,129088,4.3,60.1,,67.1,,
1999-07-01,4.99,166.7,129423,4.3,60.0,9686.626,67.1,48632.0,
1999-08-01,5.07,167.1,129569,4.2,60.0,,67.0,,
1999-09-01,5.22,167.8,129781,4.2,60.0,,67.0,,
1999-10-01,5.2,168.1,130179,4.1,60.1,9900.169,67.0,49281.0,
1999-11-01,5.42,168.4,130467,4.1,60.2,,67.1,,
1999-12-01,5.3,168.8,130781,4.0,60.1,,67.1,,
2000-01-01,5.45,169.3,131009,4.0,60.1,10002.179,67.3,49335.0,
2000-02-01,5.73,170.0,131120,4.1,60.0,,67.3,,
2000-03-01,5.85,171.0,131604,4.0,60.1,,67.3,,
2000-04-01,6.02,170.9,131883,3.8,60.3,10247.72,67.3,50109.0,
2000-05-01,6.27,171.2,132106,4.0,60.0,,67.1,,
2000-06-01,6.53,172.2,132060,4.0,60.0,,67.1,,
2000-07-01,6.54,172.7,132228,4.0,59.9,10318.165,66.9,50024.0,
2000-08-01,6.5,172.7,132231,4.1,59.6,,66.9,,
2000-09-01,6.52,173.6,132357,3.9,59.8,,66.9,,
2000-10-01,6.51,173.9,132352,3.9,59.7,10435.744,66.8,50190.0,
2000-11-01,6.51,174.2,132553,3.9,59.9,,66.9,,
2000-12-01,6.4,174.6,132718,3.9,59.9,,67.0,,
2001-01-01,5.98,175.6,132699,4.2,60.1,10470.231,67.2,49911.0,
2001-02-01,5.49,176.0,132786,4.2,60.0,,67.1,,
2001-03-01,5.31,176.1,132751,4.3,60.2,,67.2,,
2001-04-01,4.8,176.4,132455,4.4,59.8,10599.0,66.9,50105.0,
2001-05-01,4.21,177.3,132411,4.3,59.7,,66.7,,
2001-06-01,3.97,177.7,132296,4.5,59.7,,66.7,,
2001-07-01,3.77,177.4,132173,4.6,59.7,10598.02,66.8,49774.0,
2001-08-01,3.65,177.4,132024,4.9,59.5,,66.5,,
2001-09-01,3.07,178.1,131765,5.0,59.6,,66.8,,
2001-10-01,2.49,177.6,131452,5.3,59.7,10660.465,66.7,49783.0,
2001-11-01,2.09,177.5,131141,5.5,59.8,,66.7,,
2001-12-01,1.82,177.4,130984,5.7,59.7,,66.7,,
2002-01-01,1.73,177.7,130853,5.7,59.5,10783.5,66.5,50091.0,
2002-02-01,1.74,178.0,130732,5.7,59.9,,66.8,,
2002-03-01,1.73,178.5,130720,5.7,59.7,,66.6,,
2002-04-01,1.75,179.3,130616,5.9,59.7,10887.46,66.7,50286.0,
2002-05-01,1.75,179.5,130632,5.8,59.6,,66.7,,
2002-06-01,1.75,179.6,130682,5.8,59.6,,66.6,,
2002-07-01,1.73,180.0,130585,5.8,59.5,10984.04,66.5,50362.0,
2002-08-01,1.74,180.5,130587,5.7,59.6,,66.6,,
2002-09-01,1.75,180.8,130498,5.7,59.7,,66.7,,
2002-10-01,1.75,181.2,130621,5.7,59.6,11061.433,66.6,50302.0,
2002-11-01,1.34,181.5,130617,5.9,59.5,,66.4,,
2002-12-01,1.24,181.8,130469,6.0,59.5,,66.3,,
2003-01-01,1.24,182.6,130580,5.8,59.7,11174.129,66.4,50462.0,
2003-02-01,1.26,183.6,130443,5.9,59.6,,66.4,,
2003-03-01,1.25,183.9,130232,5.9,59.7,,66.3,,
2003-04-01,1.26,183.2,130176,6.0,59.7,11312.766,66.4,50796.0,
2003-05-01,1.26,182.9,130196,6.1,59.7,,66.4,,
2003-06-01,1.22,183.1,130192,6.3,59.9,,66.5,,
2003-07-01,1.01,183.7,130184,6.2,59.5,11566.669,66.2,51512.0,
2003-08-01,1.03,184.5,130153,6.1,59.5,,66.1,,
2003-09-01,1.01,185.1,130252,6.1,59.1,,66.1,,
2003-10-01,1.01,184.9,130439,6.0,59.3,11772.234,66.1,51986.0,
2003-11-01,1.0,185.0,130482,5.8,59.2,,66.1,,
2003-12-01,0.98,185.5,130594,5.7,59.0,,65.9,,
2004-01-01,1.0,186.3,130766,5.7,59.1,11923.447,66.1,52179.0,
2004-02-01,1.01,186.7,130822,5.6,59.2,,66.0,,
2004-03-01,1.0,187.1,131139,5.8,59.3,,66.0,,
2004-04-01,1.0,187.4,131409,5.6,59.2,12112.815,65.9,52469.0,
2004-05-01,1.0,188.2,131693,5.6,59.3,,66.0,,
2004-06-01,1.03,188.9,131789,5.6,59.3,,66.1,,
2004-07-01,1.26,189.1,131850,5.5,59.3,12305.307,66.1,52835.0,
2004-08-01,1.43,189.2,131936,5.4,59.0,,66.0,,
2004-09-01,1.61,189.8,132083,5.4,59.0,,65.8,,
2004-10-01,1.76,190.8,132435,5.5,59.0,12527.214,65.9,53242.0,
2004-11-01,1.93,191.7,132509,5.4,59.0,,66.0,,
2004-12-01,2.16,191.7,132633,5.4,59.1,,65.9,,
2005-01-01,2.28,191.6,132779,5.3,59.1,12767.286,65.8,53719.0,
2005-02-01,2.5,192.4,133033,5.4,59.1,,65.9,,
2005-03-01,2.63,193.1,133154,5.2,59.0,,65.9,,
2005-04-01,2.79,193.7,133515,5.2,59.2,12922.656,66.1,53868.0,
2005-05-01,3.0,193.6,133687,5.1,59.3,,66.1,,
2005-06-01,3.04,193.7,133939,5.0,59.2,,66.1,,
2005-07-01,3.26,194.9,134297,5.0,59.2,13142.642,66.1,54153.0,
2005-08-01,3.5,196.1,134495,4.9,59.3,,66.2,,
2005-09-01,3.62,198.8,134552,5.0,59.4,,66.1,,
2005-10-01,3.78,199.1,134646,5.0,59.5,13324.204,66.1,54317.0,
2005-11-01,4.0,198.1,135001,5.0,59.3,,66.0,,
2005-12-01,4.16,198.1,135160,4.9,59.2,,66.0,,
2006-01-01,4.29,199.3,135425,4.7,59.1,13599.16,66.0,54927.0,
2006-02-01,4.49,199.4,135732,4.8,59.3,,66.1,,
2006-03-01,4.59,199.7,136041,4.7,59.2,,66.2,,20.05
2006-04-01,4.79,200.7,136210,4.7,59.2,13753.424,66.1,54945.0,20.15
2006-05-01,4.94,201.3,136247,4.6,59.2,,66.1,,20.13
2006-06-01,4.99,201.8,136328,4.6,59.5,,66.2,,20.23
2006-07-01,5.24,202.9,136522,4.7,59.6,13870.188,66.1,54886.0,20.29
2006-08-01,5.25,203.8,136688,4.7,59.5,,66.2,,20.32
2006-09-01,5.25,202.8,136825,4.5,59.3,,66.1,,20.41
2006-10-01,5.25,201.9,136849,4.4,59.4,14039.56,66.2,55216.0,20.43
2006-11-01,5.25,202.0,137068,4.5,59.5,,66.3,,20.49
2006-12-01,5.24,203.1,137251,4.4,59.5,,66.4,,20.57
2007-01-01,5.25,203.437,137475,4.6,59.5,14215.651,66.4,55260.0,20.59
2007-02-01,5.26,204.226,137556,4.5,59.4,,66.3,,20.68
2007-03-01,5.26,205.288,137782,4.4,59.4,,66.2,,20.73
2007-04-01,5.25,205.904,137842,4.5,58.9,14402.082,65.9,55474.0,20.78
2007-05-01,5.25,206.755,137993,4.4,59.1,,66.0,,20.84
2007-06-01,5.25,207.234,138072,4.6,59.3,,66.0,,20.95
2007-07-01,5.26,207.603,138042,4.7,59.3,14564.117,66.0,55649.0,20.95
2007-08-01,5.02,207.667,138017,4.6,59.2,,65.8,,21.0
2007-09-01,4.94,208.547,138103,4.7,59.5,,66.0,,21.04
2007-10-01,4.76,209.19,138175,4.7,59.2,14715.058,65.8,55857.0,21.06
2007-11-01,4.49,210.834,138291,4.7,59.4,,66.0,,21.12
2007-12-01,4.24,211.445,138396,5.0,59.4,,66.0,,21.17
2008-01-01,3.94,212.174,138397,5.0,59.5,14706.538,66.2,55497.0,21.2
2008-02-01,2.98,212.687,138326,4.9,59.3,,66.0,,21.26
2008-03-01,2.61,213.448,138256,5.1,59.5,,66.1,,21.36
2008-04-01,2.28,213.942,138037,5.0,59.4,14865.701,65.9,55705.0,21.38
2008-05-01,1.98,215.208,137847,5.4,59.6,,66.1,,21.47
2008-06-01,2.0,217.463,137689,5.6,59.5,,66.1,,21.51
2008-07-01,2.01,219.016,137492,5.8,59.4,14898.999,66.1,55278.0,21.6
2008-08-01,2.0,218.69,137209,6.1,59.6,,66.1,,21.7
2008-09-01,1.81,218.877,136759,6.1,59.4,,66.0,,21.72
2008-10-01,0.97,216.995,136294,6.5,59.6,14608.209,66.0,53941.0,21.76
2008-11-01,0.39,213.153,135546,6.8,59.5,,65.9,,21.87
2008-12-01,0.16,211.398,134848,7.3,59.5,,65.8,,21.94
2009-01-01,0.15,211.933,134066,7.8,59.4,14430.902,65.7,53221.0,21.96
2009-02-01,0.22,212.705,133314,8.3,59.5,,65.8,,21.99
2009-03-01,0.18,212.495,132494,8.7,59.5,,65.6,,22.06
2009-04-01,0.15,212.709,131825,9.0,59.4,14381.236,65.7,53017.0,22.09
2009-05-01,0.18,213.022,131470,9.4,59.4,,65.7,,22.11
2009-06-01,0.21,214.79,131003,9.5,59.5,,65.7,,22.14
2009-07-01,0.16,214.726,130661,9.5,59.4,14448.882,65.5,53081.0,22.18
2009-08-01,0.16,215.445,130480,9.6,59.2,,65.4,,22.23
2009-09-01,0.15,215.861,130241,9.8,58.9,,65.1,,22.27
2009-10-01,0.12,216.509,130061,10.0,58.8,14651.249,65.0,53531.0,22.3
2009-11-01,0.12,217.234,130059,9.9,58.9,,65.0,,22.35
2009-12-01,0.12,217.347,129807,9.9,58.6,,64.6,,22.36
2010-01-01,0.11,217.488,129795,9.8,58.8,14764.61,64.8,53683.0,22.41
2010-02-01,0.13,217.281,129702,9.8,58.9,,64.9,,22.45
2010-03-01,0.16,217.353,129865,9.9,58.8,,64.9,,22.46
2010-04-01,0.2,217.403,130115,9.9,58.9,14980.193,65.2,54100.0,22.49
2010-05-01,0.2,217.29,130645,9.6,58.8,,64.9,,22.53
2010-06-01,0.18,217.199,130501,9.4,58.5,,64.6,,22.53
2010-07-01,0.18,217.605,130420,9.4,58.4,15141.607,64.6,54401.0,22.59
2010-08-01,0.19,217.923,130423,9.5,58.6,,64.7,,22.62
2010-09-01,0.19,218.275,130340,9.5,58.5,,64.6,,22.67
2010-10-01,0.19,219.035,130620,9.4,58.4,15309.474,64.4,54569.0,22.74
2010-11-01,0.19,219.59,130754,9.8,58.6,,64.6,,22.73
2010-12-01,0.18,220.472,130836,9.3,58.3,,64.3,,22.76
2011-01-01,0.17,221.187,130839,9.1,58.3,15351.448,64.2,54341.0,22.86
2011-02-01,0.16,221.898,131054,9.0,58.1,,64.1,,22.87
2011-03-01,0.14,223.046,131278,9.0,58.3,,64.2,,22.87
2011-04-01,0.1,224.093,131604,9.1,58.3,15557.539,64.2,54610.0,22.91
2011-05-01,0.09,224.806,131704,9.0,58.1,,64.1,,22.98
2011-06-01,0.09,224.806,131936,9.1,58.0,,64.0,,23.01
2011-07-01,0.07,225.395,131992,9.0,58.0,15647.68,64.0,54482.0,23.1
2011-08-01,0.1,226.106,132123,9.0,58.1,,64.1,,23.07
2011-09-01,0.08,226.597,132346,9.0,58.3,,64.2,,23.12
2011-10-01,0.07,226.75,132557,8.8,58.1,15842.259,64.1,54979.0,23.2
2011-11-01,0.08,227.169,132701,8.6,58.0,,64.1,,23.19
2011-12-01,0.07,227.223,132902,8.5,57.8,,64.0,,23.22
2012-01-01,0.08,227.842,133243,8.3,57.7,16068.805,63.7,55342.0,23.25
2012-02-01,0.1,228.329,133521,8.3,57.8,,63.8,,23.28
2012-03-01,0.13,228.807,133745,8.2,57.8,,63.8,,23.36
2012-04-01,0.14,229.187,133828,8.2,57.6,16207.115,63.7,55490.0,23.39
2012-05-01,0.16,228.713,133935,8.2,57.7,,63.7,,23.4
2012-06-01,0.16,228.524,134008,8.2,57.7,,63.8,,23.46
2012-07-01,0.16,228.59,134153,8.2,57.6,16319.541,63.7,55454.0,23.5
2012-08-01,0.13,229.918,134329,8.1,57.6,,63.5,,23.48
2012-09-01,0.14,231.015,134512,7.8,57.6,,63.6,,23.57
2012-10-01,0.16,231.638,134672,7.8,57.7,16420.419,63.8,55403.0,23.56
2012-11-01,0.16,231.249,134831,7.7,57.6,,63.6,,23.63
2012-12-01,0.16,231.221,135074,7.9,57.7,,63.7,,23.73
2013-01-01,0.14,231.679,135263,8.0,57.5,16648.189,63.7,55859.0,23.75
2013-02-01,0.15,232.937,135548,7.7,57.3,,63.4,,23.78
2013-03-01,0.14,232.282,135690,7.5,57.2,,63.3,,23.8
2013-04-01,0.15,231.797,135876,7.6,57.3,16728.687,63.4,55914.0,23.87
2013-05-01,0.11,231.893,136090,7.5,57.3,,63.4,,23.89
2013-06-01,0.09,232.445,136269,7.5,57.4,,63.4,,23.96
2013-07-01,0.09,232.9,136391,7.3,57.3,16953.838,63.3,56272.0,23.98
2013-08-01,0.08,233.456,136634,7.2,57.3,,63.3,,24.02
2013-09-01,0.08,233.544,136819,7.2,57.1,,63.2,,24.06
2013-10-01,0.09,233.669,137039,7.2,56.8,17192.019,62.8,56642.0,24.09
2013-11-01,0.08,234.1,137312,6.9,56.9,,63.0,,24.16
2013-12-01,0.09,234.719,137367,6.7,57.0,,62.9,,24.18
2014-01-01,0.07,235.288,137551,6.6,57.0,17197.738,62.9,56345.0,24.23
2014-02-01,0.07,235.547,137710,6.7,57.2,,62.9,,24.33
2014-03-01,0.08,236.028,137987,6.7,57.2,,63.1,,24.32
2014-04-01,0.09,236.468,138298,6.2,57.0,17518.508,62.8,56968.0,24.34
2014-05-01,0.09,236.918,138500,6.3,57.1,,62.9,,24.4
2014-06-01,0.1,237.231,138833,6.1,56.9,,62.8,,24.46
2014-07-01,0.09,237.498,139076,6.2,56.9,17804.228,62.9,57536.0,24.48
2014-08-01,0.09,237.46,139257,6.1,56.9,,62.9,,24.54
2014-09-01,0.09,237.477,139564,5.9,56.8,,62.8,,24.55
2014-10-01,0.09,237.43,139804,5.7,57.1,17912.079,62.9,57702.0,24.58
2014-11-01,0.09,236.983,140088,5.8,57.0,,62.9,,24.66
2014-12-01,0.12,236.252,140366,5.6,56.7,,62.8,,24.62
2015-01-01,0.11,234.747,140562,5.7,56.9,18063.529,62.9,58121.0,24.75
2015-02-01,0.11,235.342,140831,5.5,56.6,,62.7,,24.79
2015-03-01,0.11,235.976,140925,5.4,56.6,,62.6,,24.86
2015-04-01,0.12,236.222,141202,5.4,56.7,18279.784,62.8,58376.0,24.89
2015-05-01,0.12,237.001,141539,5.6,56.9,,62.9,,24.97
2015-06-01,0.13,237.657,141695,5.3,56.8,,62.7,,24.97
2015-07-01,0.13,238.034,141989,5.2,56.6,18401.626,62.6,58486.0,25.0
2015-08-01,0.14,238.033,142130,5.1,56.7,,62.6,,25.09
2015-09-01,0.14,237.498,142265,5.0,56.4,,62.4,,25.11
2015-10-01,0.12,237.733,142584,5.0,56.6,18435.137,62.5,58470.0,25.19
2015-11-01,0.12,238.017,142810,5.1,56.8,,62.5,,25.25
2015-12-01,0.24,237.761,143083,5.0,56.8,,62.7,,25.24
2016-01-01,0.34,237.652,143196,4.8,56.9,18525.933,62.7,58704.0,25.38
2016-02-01,0.38,237.336,143411,4.9,56.8,,62.8,,25.38
2016-03-01,0.36,238.08,143666,5.0,57.1,,63.0,,25.45
2016-04-01,0.37,238.992,143856,5.1,56.9,18711.702,62.9,58787.0,25.53
2016-05-01,0.37,239.557,143901,4.8,56.8,,62.7,,25.58
2016-06-01,0.38,240.222,144152,4.9,56.6,,62.7,,25.62
2016-07-01,0.39,240.101,144515,4.8,56.6,18892.639,62.8,59084.0,25.69
2016-08-01,0.4,240.545,144664,4.9,56.8,,62.9,,25.72
2016-09-01,0.4,241.176,144961,5.0,56.8,,62.9,,25.77
2016-10-01,0.4,241.741,145069,4.9,56.8,19089.379,62.8,59296.0,25.89
2016-11-01,0.41,242.026,145188,4.7,56.7,,62.7,,25.9
2016-12-01,0.54,242.637,145410,4.7,56.7,,62.7,,25.92
2017-01-01,0.65,243.618,145636,4.7,56.9,19280.084,62.8,59494.0,26.0
2017-02-01,0.66,244.006,145848,4.6,57.0,,62.9,,26.07
2017-03-01,0.79,243.892,145976,4.4,57.2,,62.9,,26.11
2017-04-01,0.9,244.193,146173,4.4,57.2,19438.643,63.0,59736.0,26.17
2017-05-01,0.91,244.004,146389,4.4,57.1,,62.8,,26.21
2017-06-01,1.04,244.163,146588,4.3,57.0,,62.8,,26.26
2017-07-01,1.15,244.243,146772,4.3,57.2,19692.595,62.9,60099.0,26.36
2017-08-01,1.16,245.183,146907,4.4,57.1,,62.9,,26.38
2017-09-01,1.15,246.435,146999,4.3,57.2,,63.1,,26.49
2017-10-01,1.15,246.626,147146,4.2,56.8,20037.088,62.7,60674.0,26.49
2017-11-01,1.16,247.284,147375,4.2,57.0,,62.7,,26.53
2017-12-01,1.3,247.805,147521,4.1,56.8,,62.7,,26.61
2018-01-01,1.41,248.859,147667,4.0,56.7,20328.553,62.7,61093.0,26.73
2018-02-01,1.42,249.529,148054,4.1,57.1,,63.0,,26.75
2018-03-01,1.51,249.577,148280,4.0,56.9,,62.9,,26.86
2018-04-01,1.69,250.227,148426,4.0,56.9,20580.912,62.9,61336.0,26.91
2018-05-01,1.7,250.792,148755,3.8,56.9,,62.9,,26.98
2018-06-01,1.82,251.018,148968,4.0,57.2,,63.0,,27.04
2018-07-01,1.91,251.214,149023,3.8,57.4,20798.73,63.0,61622.0,27.09
2018-08-01,1.91,251.663,149274,3.8,56.9,,62.6,,27.2
2018-09-01,1.95,252.182,149361,3.7,57.1,,62.8,,27.32
2018-10-01,2.19,252.772,149525,3.8,57.3,20917.867,62.9,61619.0,27.37
2018-11-01,2.2,252.594,149622,3.8,57.3,,62.9,,27.44
2018-12-01,2.27,252.767,149804,3.9,57.4,,63.0,,27.55
2019-01-01,2.4,252.561,150062,4.0,57.5,21111.6,63.1,61939.0,27.59
2019-02-01,2.4,253.319,150067,3.8,57.6,,63.1,,27.71
2019-03-01,2.41,254.277,150294,3.8,57.4,,63.0,,27.8
2019-04-01,2.42,255.233,150602,3.7,57.1,21397.938,62.8,62385.0,27.78
2019-05-01,2.39,255.296,150640,3.6,57.1,,62.9,,27.86
2019-06-01,2.38,255.213,150844,3.6,57.2,,63.0,,27.95
2019-07-01,2.4,255.802,150934,3.7,57.2,21717.171,63.1,63022.0,28.02
2019-08-01,2.13,256.036,151155,3.6,57.4,,63.1,,28.13
2019-09-01,2.04,256.43,151358,3.5,57.6,,63.2,,28.17
2019-10-01,1.83,257.155,151458,3.6,57.7,21933.217,63.3,63360.0,28.23
2019-11-01,1.55,257.879,151666,3.6,57.6,,63.3,,28.35
2019-12-01,1.55,258.63,151792,3.6,57.8,,63.3,,28.37
2020-01-01,1.55,258.906,152045,3.6,57.9,21727.657,63.3,62416.0,28.44
2020-02-01,1.58,259.246,152309,3.5,58.0,,63.3,,28.55
2020-03-01,0.65,258.15,150898,4.4,57.2,,62.6,,28.77
2020-04-01,0.05,256.126,130421,14.8,54.6,19935.444,60.1,57449.0,30.01
2020-05-01,0.05,255.848,133040,13.2,55.2,,60.8,,29.72
2020-06-01,0.08,257.004,137655,11.0,56.0,,61.5,,29.38
2020-07-01,0.09,258.408,139240,10.2,56.1,21684.551,61.5,61915.0,29.38
2020-08-01,0.1,259.366,140774,8.4,56.0,,61.7,,29.48
2020-09-01,0.09,259.951,141820,7.8,55.7,,61.5,,29.51
2020-10-01,0.09,260.249,142493,6.8,55.9,22068.767,61.7,62554.0,29.54
2020-11-01,0.09,260.895,142761,6.7,55.9,,61.5,,29.63
2020-12-01,0.09,262.005,142518,6.7,56.0,,61.5,,29.9
2021-01-01,0.09,262.518,142916,6.4,55.7,22656.793,61.3,63428.0,29.93
2021-02-01,0.08,263.583,143443,6.2,55.9,,61.4,,30.06
2021-03-01,0.07,264.91,144274,6.1,56.2,,61.5,,30.06
2021-04-01,0.07,266.752,144593,6.1,56.1,23368.861,61.6,64392.0,30.21
2021-05-01,0.06,268.452,145044,5.8,55.9,,61.5,,30.39
2021-06-01,0.08,270.664,145822,5.9,56.1,,61.7,,30.54
2021-07-01,0.1,271.994,146761,5.4,56.1,23921.991,61.8,64877.0,30.65
2021-08-01,0.09,272.789,147226,5.1,56.1,,61.8,,30.77
2021-09-01,0.08,273.887,147706,4.7,56.0,,61.7,,30.95
2021-10-01,0.08,276.434,148566,4.5,56.1,24777.038,61.8,65986.0,31.15
2021-11-01,0.08,278.799,149197,4.1,56.3,,61.9,,31.24
2021-12-01,0.08,280.808,149763,3.9,56.5,,62.0,,31.4
2022-01-01,0.08,282.39,150014,4.0,56.8,25215.491,62.2,65779.0,31.63
2022-02-01,0.08,284.535,150876,3.8,56.7,,62.2,,31.65
2022-03-01,0.2,287.553,151370,3.6,56.9,,62.3,,31.84
2022-04-01,0.33,288.764,151642,3.7,56.7,25805.791,62.2,65760.0,31.95
2022-05-01,0.77,291.359,151928,3.6,56.9,,62.3,,32.08
2022-06-01,1.21,294.996,152348,3.6,56.8,,62.2,,32.2
2022-07-01,1.68,294.977,153038,3.5,56.8,26272.011,62.1,66115.0,32.33
2022-08-01,2.33,295.209,153281,3.6,57.1,,62.4,,32.44
2022-09-01,2.56,296.341,153536,3.5,56.8,,62.3,,32.54
2022-10-01,3.08,297.863,153897,3.6,56.6,26734.277,62.3,66575.0,32.7
2022-11-01,3.78,298.648,154155,3.6,56.5,,62.1,,32.83
2022-12-01,4.1,298.812,154291,3.5,56.8,,62.3,,32.94
2023-01-01,4.33,300.356,154773,3.4,57.1,27164.359,62.4,66967.0,33.07
2023-02-01,4.57,301.509,155060,3.6,57.2,,62.5,,33.15
2023-03-01,4.65,301.744,155206,3.5,57.2,,62.6,,33.31
2023-04-01,4.83,303.032,155484,3.4,57.3,27453.815,62.6,67295.0,33.44
2023-05-01,5.06,303.365,155787,3.7,57.3,,62.6,,33.54
2023-06-01,5.08,304.003,156027,3.6,57.3,,62.6,,33.7
2023-07-01,5.12,304.628,156211,3.5,57.4,27967.697,62.6,67916.0,33.84
2023-08-01,5.33,306.187,156421,3.8,57.6,,62.8,,33.91
2023-09-01,5.33,307.288,156667,3.8,57.5,,62.8,,34.01
2023-10-01,5.33,307.531,156832,3.8,57.6,28296.967,62.7,68351.0,34.1
2023-11-01,5.33,308.024,157014,3.7,57.4,,62.8,,34.23
2023-12-01,5.33,308.742,157304,3.7,57.1,,62.5,,34.34
2024-01-01,5.33,309.685,157560,3.7,57.5,28624.069,62.5,68549.0,34.51
2024-02-01,5.33,311.054,157796,3.9,57.6,,62.5,,34.56
2024-03-01,5.33,312.23,158106,3.8,57.6,,62.7,,34.69
2024-04-01,5.33,313.207,158214,3.9,57.7,29016.714,62.7,68977.0,34.75
2024-05-01,5.33,313.225,158430,4.0,57.6,,62.5,,34.88
2024-06-01,5.33,313.049,158548,4.1,57.3,,62.6,,34.99
2024-07-01,5.33,313.534,158692,4.3,57.5,29349.924,62.7,69357.0,35.07
2024-08-01,5.33,314.121,158770,4.2,57.8,,62.7,,35.22
2024-09-01,5.13,314.686,158993,4.1,57.6,,62.7,,35.33
2024-10-01,4.83,315.454,159005,4.1,57.3,,62.6,,35.46
